Date,Ticker,Open,High,Low,Close,Volume
11/29/2018,VOO,251.54,253.25,250.36,251.81,"3,279,417"
11/28/2018,VOO,247.72,252.33,246.75,252.33,"3,723,260"
11/27/2018,VOO,244.73,246.6,244.12,246.57,"2,849,731"
11/26/2018,VOO,244.23,245.84,243.85,245.8,"2,498,530"
11/23/2018,VOO,241.8,243.35,241.73,242.01,"830,910"
11/21/2018,VOO,244.24,245.44,243.52,243.58,"2,425,494"
11/20/2018,VOO,243.84,245.32,241.83,242.77,"5,000,937"
11/19/2018,VOO,250.94,251.21,246.35,247.32,"2,973,794"
11/16/2018,VOO,249.77,252.47,249.26,251.49,"2,342,780"
11/15/2018,VOO,247.02,251.39,245.43,250.85,"3,903,480"
11/14/2018,VOO,251.96,252.34,246.66,248.28,"3,619,875"
11/13/2018,VOO,250.96,253.01,249.28,249.99,"3,097,001"
11/12/2018,VOO,254.69,254.96,249.95,250.41,"2,710,563"
11/09/2018,VOO,256.5,256.64,253.81,255.34,"3,078,726"
11/08/2018,VOO,257.49,258.44,256.65,257.72,"2,467,027"
11/07/2018,VOO,255.07,258.32,254.65,258.16,"3,090,762"
11/06/2018,VOO,251.18,252.98,251.12,252.82,"2,255,176"
11/05/2018,VOO,250.32,251.79,249.39,251.23,"1,912,193"
11/02/2018,VOO,252.44,252.9,247.75,249.81,"3,184,459"
11/01/2018,VOO,249.63,251.54,248.46,251.37,"2,870,694"
10/31/2018,VOO,248.72,251.08,248.27,248.79,"4,073,392"
10/30/2018,VOO,242.31,246.38,241.8,246.21,"3,619,131"
10/29/2018,VOO,247.03,248.35,238.79,242.5,"5,126,245"
10/26/2018,VOO,244.34,246.98,241.04,243.76,"5,278,769"
10/25/2018,VOO,245.71,249.79,244.67,248.15,"4,443,798"
10/24/2018,VOO,251.19,251.55,243.25,243.78,"4,065,746"
10/23/2018,VOO,249,252.58,246.84,251.28,"5,206,532"
10/22/2018,VOO,254.55,254.86,252.17,252.8,"2,101,976"
10/19/2018,VOO,254.67,256.62,253.15,253.85,"2,684,216"
10/18/2018,VOO,256.75,257.35,252.69,254.05,"3,046,804"
10/17/2018,VOO,257.75,258.34,255.07,257.67,"2,845,791"
10/16/2018,VOO,254.14,258.1,253.7,257.58,"3,308,475"
10/15/2018,VOO,253.19,254.56,252.04,252.21,"3,306,202"
10/12/2018,VOO,254.39,254.64,250.3,253.6,"7,116,658"
10/11/2018,VOO,254.81,256.29,248.45,250.22,"9,037,039"
10/10/2018,VOO,263.62,263.62,255.37,255.6,"5,803,925"
10/09/2018,VOO,264.1,265.45,263.55,264.13,"2,078,186"
10/08/2018,VOO,263.77,264.85,262.38,264.47,"3,219,556"
10/05/2018,VOO,266.19,266.77,263.02,264.54,"2,564,702"
10/04/2018,VOO,267.57,267.66,264.37,266.04,"5,004,396"
10/03/2018,VOO,269.02,269.47,267.72,268.24,"2,505,783"
10/02/2018,VOO,267.97,268.67,267.55,268.01,"3,034,122"
10/01/2018,VOO,268.46,269.18,267.39,268.04,"1,969,245"
09/28/2018,VOO,266.5,267.65,266.43,267.05,"1,774,303"
09/27/2018,VOO,266.88,268.24,266.6,267.08,"3,077,514"
09/26/2018,VOO,267.32,268.54,265.95,266.34,"2,568,392"
09/25/2018,VOO,269.1,269.17,268.15,268.33,"2,360,730"
09/24/2018,VOO,268.93,269.07,268.02,268.66,"2,070,891"
09/21/2018,VOO,270.55,270.67,269.37,269.56,"1,352,509"
09/20/2018,VOO,268.89,270.1,268.79,269.75,"3,349,666"
09/19/2018,VOO,267.35,268.03,267.23,267.6,"2,077,480"
09/18/2018,VOO,266.1,267.92,266.09,267.3,"1,823,641"
09/17/2018,VOO,267.22,267.26,265.59,265.85,"2,515,315"
09/14/2018,VOO,267.47,267.62,266.47,267.36,"1,860,996"
09/13/2018,VOO,266.78,267.42,266.47,267.22,"2,087,871"
09/12/2018,VOO,265.61,266.26,264.83,265.71,"3,019,831"
09/11/2018,VOO,264.03,266.05,263.68,265.68,"3,420,386"
09/10/2018,VOO,265.28,265.57,264.51,264.68,"2,832,699"
09/07/2018,VOO,263.63,265.26,263.45,264.18,"2,634,408"
09/06/2018,VOO,265.69,265.99,263.7,264.82,"1,687,900"
09/05/2018,VOO,265.91,266.13,264.52,265.6,"4,595,466"
09/04/2018,VOO,266.35,266.66,265.26,266.35,"3,623,299"
08/31/2018,VOO,266.33,267.22,265.83,266.72,"3,172,354"
08/30/2018,VOO,267.31,267.71,266.12,266.71,"2,625,499"
08/29/2018,VOO,266.59,268.05,266.34,267.8,"2,116,106"
08/28/2018,VOO,266.76,266.83,265.89,266.34,"3,027,196"
08/27/2018,VOO,265.38,266.35,265.26,266.19,"2,370,987"
08/24/2018,VOO,263.16,264.29,263.11,264.2,"2,329,248"
08/23/2018,VOO,262.68,263.63,262.21,262.55,"2,308,144"
08/22/2018,VOO,262.64,263.45,262.39,262.93,"1,708,066"
08/21/2018,VOO,263.01,263.97,262.86,263.01,"1,937,866"
08/20/2018,VOO,262.4,262.74,261.9,262.44,"1,245,462"
08/17/2018,VOO,260.71,262.38,260.35,261.86,"2,278,823"
08/16/2018,VOO,260.36,261.89,260.35,260.99,"1,693,138"
08/15/2018,VOO,259.43,259.55,257.39,258.89,"2,587,788"
08/14/2018,VOO,259.94,261.07,259.55,260.81,"1,531,808"
08/13/2018,VOO,260.41,261.07,258.9,259.14,"3,685,433"
08/10/2018,VOO,260.36,260.96,259.43,260.12,"2,395,462"
08/09/2018,VOO,262.33,262.74,261.76,261.9,"1,084,398"
08/08/2018,VOO,262.23,262.67,261.79,262.23,"1,560,785"
08/07/2018,VOO,262.2,262.78,262.08,262.37,"2,619,229"
08/06/2018,VOO,260.56,261.83,260.2,261.64,"1,842,998"
08/03/2018,VOO,259.6,260.66,259.39,260.66,"2,017,560"
08/02/2018,VOO,256.73,259.6,256.48,259.39,"1,767,326"
08/01/2018,VOO,258.64,259.19,257.35,258.08,"1,651,723"
07/31/2018,VOO,258.02,259.09,257.6,258.4,"1,992,498"
07/30/2018,VOO,258.6,258.78,256.64,257.1,"1,601,425"
07/27/2018,VOO,260.73,260.74,257.58,258.59,"2,666,731"
07/26/2018,VOO,260.14,261.01,260.1,260.28,"2,166,453"
07/25/2018,VOO,258.54,261.25,258.43,261.05,"2,623,349"
07/24/2018,VOO,258.84,259.57,257.82,258.68,"2,916,394"
07/23/2018,VOO,256.73,257.61,256.4,257.47,"1,447,020"
07/20/2018,VOO,257,257.65,256.78,256.98,"2,710,786"
07/19/2018,VOO,257.5,257.9,256.75,257.22,"2,050,473"
07/18/2018,VOO,257.76,258.32,257.28,258.2,"2,606,817"
07/17/2018,VOO,255.85,258.06,255.8,257.73,"1,825,871"
07/16/2018,VOO,256.89,257.01,256.16,256.63,"993,457"
07/13/2018,VOO,256.49,257.16,255.99,256.79,"1,814,928"
07/12/2018,VOO,255.66,256.66,255.01,256.57,"2,874,031"
07/11/2018,VOO,254.6,255.41,254.03,254.39,"2,335,052"
07/10/2018,VOO,255.75,256.3,255.45,256.14,"1,314,531"
07/09/2018,VOO,254.05,255.32,254.01,255.25,"3,979,469"
07/06/2018,VOO,250.91,253.39,250.52,253.01,"2,622,491"
07/05/2018,VOO,250.07,250.94,248.91,250.92,"1,948,090"
07/03/2018,VOO,250.68,250.76,248.44,248.79,"1,157,884"
07/02/2018,VOO,247.56,249.89,247.32,249.8,"1,943,137"
06/29/2018,VOO,249.98,251.36,249.1,249.51,"3,711,575"
06/28/2018,VOO,247.3,249.6,246.63,248.88,"2,638,408"
06/27/2018,VOO,251.27,252.73,248.43,248.53,"3,433,775"
06/26/2018,VOO,250.66,251.53,249.91,250.61,"2,971,320"
06/25/2018,VOO,252.37,252.51,248.35,250.06,"6,690,013"
06/22/2018,VOO,254.4,254.52,253.32,253.57,"3,092,670"
06/21/2018,VOO,254.66,254.67,252.58,253.12,"4,037,572"
06/20/2018,VOO,254.97,255.37,254.32,254.71,"1,578,179"
06/19/2018,VOO,252.83,254.46,252.42,254.25,"1,863,323"
06/18/2018,VOO,254.18,255.36,253.71,255.22,"2,019,689"
06/15/2018,VOO,255.27,256.07,254.13,255.83,"2,000,057"
06/14/2018,VOO,256.31,256.62,255.46,256.05,"1,914,094"
06/13/2018,VOO,256.53,256.77,255.23,255.31,"2,507,760"
06/12/2018,VOO,256.39,256.63,255.6,256.33,"1,182,220"
06/11/2018,VOO,255.79,256.67,255.7,255.9,"2,648,046"
06/08/2018,VOO,254.36,255.62,254.19,255.57,"1,517,453"
06/07/2018,VOO,255.37,255.7,253.88,254.77,"2,616,287"
06/06/2018,VOO,253.37,254.96,252.72,254.89,"2,763,168"
06/05/2018,VOO,252.66,253.13,251.87,252.87,"1,491,157"
06/04/2018,VOO,252.17,252.8,251.96,252.52,"2,031,482"
06/01/2018,VOO,250.23,251.65,250.17,251.41,"1,953,882"
05/31/2018,VOO,249.99,250.3,248.28,248.79,"2,378,804"
05/30/2018,VOO,248.53,250.88,248.43,250.41,"1,359,687"
05/29/2018,VOO,248.28,249.08,245.97,247.15,"4,465,821"
05/25/2018,VOO,250.04,250.64,249.49,250.04,"1,654,804"
05/24/2018,VOO,250.74,251,248.76,250.67,"2,025,388"
05/23/2018,VOO,249.12,251.15,248.95,251.15,"1,484,145"
05/22/2018,VOO,251.67,251.94,250.1,250.37,"1,055,352"
05/21/2018,VOO,250.77,251.68,250.43,251.09,"1,263,289"
05/18/2018,VOO,249.53,249.85,248.89,249.26,"1,703,135"
05/17/2018,VOO,249.79,250.99,249.08,249.88,"1,714,614"
05/16/2018,VOO,249.08,250.54,249.07,250.09,"2,588,718"
05/15/2018,VOO,249.5,249.52,248.06,249.03,"2,600,622"
05/14/2018,VOO,251.12,251.76,250.21,250.75,"1,478,203"
05/11/2018,VOO,250.04,250.92,249.48,250.47,"1,703,455"
05/10/2018,VOO,248.36,250.2,248.25,249.86,"1,537,619"
05/09/2018,VOO,245.86,247.9,245.36,247.54,"1,506,163"
05/08/2018,VOO,244.83,245.53,243.57,245.16,"1,924,488"
05/07/2018,VOO,245.19,246.19,244.46,245.17,"3,127,179"
05/04/2018,VOO,240.25,245.06,239.89,244.41,"1,785,210"
05/03/2018,VOO,240.88,241.9,237.92,241.21,"2,666,472"
05/02/2018,VOO,243.21,244.02,241.36,241.78,"1,636,419"
05/01/2018,VOO,242.45,243.52,240.76,243.44,"2,323,139"
04/30/2018,VOO,245.51,246.05,242.85,242.92,"2,146,101"
04/27/2018,VOO,245.23,245.57,243.89,244.92,"2,178,868"
04/26/2018,VOO,243.22,245.47,242.77,244.66,"2,106,791"
04/25/2018,VOO,241.51,242.63,239.6,242.17,"2,354,766"
04/24/2018,VOO,245.97,246.12,240.01,241.55,"3,653,453"
04/23/2018,VOO,245.55,246.08,243.75,244.89,"1,472,625"
04/20/2018,VOO,246.95,247.13,243.97,245,"2,103,856"
04/19/2018,VOO,247.62,247.89,245.96,247,"1,997,232"
04/18/2018,VOO,248.66,249.22,247.94,248.36,"1,365,069"
04/17/2018,VOO,247.42,248.81,246.88,248.22,"2,301,788"
04/16/2018,VOO,245.27,246.35,244.41,245.58,"2,149,239"
04/13/2018,VOO,245.84,245.84,242.5,243.6,"2,887,665"
04/12/2018,VOO,243.71,245.25,243.47,244.28,"1,723,600"
04/11/2018,VOO,242,243.99,241.95,242.25,"2,068,330"
04/10/2018,VOO,242.75,244.38,241.57,243.54,"2,905,551"
04/09/2018,VOO,240.15,243.25,239.32,239.59,"2,955,982"
04/06/2018,VOO,241.94,243.51,236.98,238.62,"4,931,574"
04/05/2018,VOO,243.9,244.89,242.8,243.99,"3,436,604"
04/04/2018,VOO,235.87,242.81,235.7,242.24,"4,598,042"
04/03/2018,VOO,237.81,240,235.93,239.48,"3,287,873"
04/02/2018,VOO,241.19,241.7,233.92,236.48,"4,696,395"
03/29/2018,VOO,239.85,243.61,239.08,242.08,"2,911,487"
03/28/2018,VOO,239.46,241.22,237.53,238.64,"4,384,132"
03/27/2018,VOO,244.47,245.04,237.77,239.31,"3,363,565"
03/26/2018,VOO,240.82,243.81,238.32,243.53,"5,528,998"
03/23/2018,VOO,243.74,244.52,237.92,238.09,"3,815,476"
03/22/2018,VOO,247.11,248.08,243.03,243.27,"3,589,391"
03/21/2018,VOO,249.94,252.12,249.31,249.47,"2,777,343"
03/20/2018,VOO,249.99,250.66,249.33,250.05,"1,991,443"
03/19/2018,VOO,252.25,252.26,247.87,249.61,"2,715,818"
03/16/2018,VOO,253.23,254.08,252.97,252.99,"1,554,574"
03/15/2018,VOO,253.55,254.21,252.22,252.73,"2,161,474"
03/14/2018,VOO,255.33,255.51,252.46,252.97,"2,352,702"
03/13/2018,VOO,257.2,257.71,253.71,254.31,"3,080,622"
03/12/2018,VOO,256.64,257.25,255.58,256,"2,029,174"
03/09/2018,VOO,253.4,256.26,253.05,256.25,"2,450,814"
03/08/2018,VOO,251.4,252.02,250.36,251.89,"3,021,617"
03/07/2018,VOO,248.54,251.07,248.36,250.72,"2,730,204"
03/06/2018,VOO,251.22,251.25,249.23,250.83,"1,931,994"
03/05/2018,VOO,246.02,250.79,245.95,250.2,"3,024,611"
03/02/2018,VOO,244.24,247.86,243.33,247.36,"3,276,498"
03/01/2018,VOO,249.53,251.03,244.45,246.05,"5,182,334"
02/28/2018,VOO,253.37,253.82,249.34,249.34,"2,716,623"
02/27/2018,VOO,255.63,256.34,252.14,252.14,"2,947,118"
02/26/2018,VOO,253.56,255.5,252.99,255.4,"1,891,991"
02/23/2018,VOO,249.82,252.49,249.3,252.49,"2,923,105"
02/22/2018,VOO,249.17,250.9,247.81,248.41,"3,177,722"
02/21/2018,VOO,249.86,252.44,248.11,248.11,"2,797,969"
02/20/2018,VOO,250,251.51,248.6,249.42,"3,454,368"
02/16/2018,VOO,250.27,253,250.17,250.94,"3,007,455"
02/15/2018,VOO,249.6,250.97,246.98,250.97,"2,923,845"
02/14/2018,VOO,243,248.12,242.84,247.76,"3,650,816"
02/13/2018,VOO,242.63,245,241.97,244.56,"3,077,691"
02/12/2018,VOO,242.5,245.32,240.66,243.74,"4,236,207"
02/09/2018,VOO,239.6,242.2,232.42,240.44,"9,713,095"
02/08/2018,VOO,246.25,246.43,236.7,236.79,"6,985,672"
02/07/2018,VOO,246.71,250.28,245.92,245.93,"6,240,150"
02/06/2018,VOO,238.8,247.81,237.67,247.28,"11,701,700"
02/05/2018,VOO,251.26,253.47,241.92,242.79,"8,559,206"
02/02/2018,VOO,257.37,257.5,253.09,253.19,"5,532,170"
02/01/2018,VOO,258.29,260.12,257.95,258.73,"3,125,707"
01/31/2018,VOO,259.83,260.38,257.95,258.99,"5,597,301"
01/30/2018,VOO,259.67,260.35,258.46,258.75,"6,678,947"
01/29/2018,VOO,262.83,263.25,261.48,261.54,"5,145,000"
01/26/2018,VOO,261.33,263.37,260.97,263.36,"2,857,269"
01/25/2018,VOO,261.17,261.22,259.53,260.33,"3,585,564"
01/24/2018,VOO,261.03,261.63,259.02,260.21,"2,935,509"
01/23/2018,VOO,259.84,260.63,259.51,260.34,"2,161,081"
01/22/2018,VOO,257.45,259.78,257.45,259.75,"1,607,788"
01/19/2018,VOO,257.15,257.69,256.53,257.68,"2,541,164"
01/18/2018,VOO,256.84,257.27,256.02,256.59,"3,154,233"
01/17/2018,VOO,255.5,257.35,254.74,256.94,"1,867,698"
01/16/2018,VOO,256.79,257.4,253.8,254.48,"3,719,563"
01/12/2018,VOO,254.03,255.56,253.9,255.41,"2,054,913"
01/11/2018,VOO,252.47,253.73,252.33,253.73,"2,280,293"
01/10/2018,VOO,251.51,252.17,250.82,251.87,"1,953,626"
01/09/2018,VOO,252.18,252.94,251.91,252.3,"2,129,810"
01/08/2018,VOO,251.16,251.88,250.87,251.77,"2,476,193"
01/05/2018,VOO,250.46,251.4,249.95,251.25,"2,190,162"
01/04/2018,VOO,249.27,250.12,249.17,249.65,"2,918,028"
01/03/2018,VOO,247.24,248.7,247.18,248.56,"2,917,652"
01/02/2018,VOO,246.15,247.09,245.74,247.09,"2,784,283"
12/29/2017,VOO,246.76,246.77,245.03,245.29,"2,326,724"
12/28/2017,VOO,246.13,246.21,245.77,246.14,"2,346,711"
12/27/2017,VOO,245.71,246.02,245.38,245.68,"1,379,426"
12/26/2017,VOO,245.66,245.71,245.26,245.54,"1,492,258"
12/22/2017,VOO,247.09,247.13,246.44,247.01,"1,888,511"
12/21/2017,VOO,247.22,247.81,246.82,247.06,"2,262,361"
12/20/2017,VOO,247.72,247.77,246.27,246.56,"2,569,992"
12/19/2017,VOO,247.92,247.95,246.63,246.75,"3,170,296"
12/18/2017,VOO,247.52,248.01,247.45,247.65,"2,089,580"
12/15/2017,VOO,245.15,246.55,245.07,246.12,"3,170,751"
12/14/2017,VOO,245.4,245.48,244,244.07,"1,932,948"
12/13/2017,VOO,245.36,245.8,244.97,245.04,"1,808,436"
12/12/2017,VOO,244.94,245.58,244.69,245.1,"1,854,983"
12/11/2017,VOO,243.94,244.71,243.9,244.68,"2,513,268"
12/08/2017,VOO,243.45,243.92,243.2,243.89,"1,685,660"
12/07/2017,VOO,241.69,242.91,241.55,242.57,"2,670,007"
12/06/2017,VOO,241.45,242.26,241.33,241.77,"1,204,971"
12/05/2017,VOO,242.91,243.58,241.63,241.78,"1,886,330"
12/04/2017,VOO,244.7,245.07,242.59,242.64,"2,162,294"
12/01/2017,VOO,243.25,243.71,239.52,242.9,"3,775,569"
11/30/2017,VOO,242.3,244.4,242.23,243.35,"5,451,711"
11/29/2017,VOO,241.6,242.18,240.84,241.33,"2,442,133"
11/28/2017,VOO,239.59,241.48,239.44,241.42,"1,800,522"
11/27/2017,VOO,239.19,239.53,238.83,239.05,"2,654,255"
11/24/2017,VOO,239.12,239.28,238.99,239.12,"1,219,347"
11/22/2017,VOO,238.86,238.95,238.44,238.62,"2,143,705"
11/21/2017,VOO,238.06,239,238,238.79,"1,151,522"
11/20/2017,VOO,237.12,237.47,236.86,237.21,"1,420,439"
11/17/2017,VOO,237.17,237.39,236.79,236.9,"1,370,466"
11/16/2017,VOO,236.52,237.93,236.5,237.54,"1,072,436"
11/15/2017,VOO,235.74,236.24,234.82,235.53,"2,436,152"
11/14/2017,VOO,236.44,236.85,235.64,236.74,"2,763,302"
11/13/2017,VOO,236.33,237.52,236.31,237.32,"900,410"
11/10/2017,VOO,236.72,237.18,236.4,237.04,"1,018,980"
11/09/2017,VOO,236.73,237.34,235.48,237.18,"1,644,276"
11/08/2017,VOO,237.41,238.12,237.15,238.04,"4,710,977"
11/07/2017,VOO,237.89,238.22,237.11,237.69,"1,502,717"
11/06/2017,VOO,237.24,237.89,237.21,237.79,"1,688,740"
11/03/2017,VOO,236.83,237.44,236.34,237.43,"1,934,371"
11/02/2017,VOO,236.45,236.77,235.32,236.64,"1,908,093"
11/01/2017,VOO,237.03,237.39,236.13,236.54,"2,078,341"
10/31/2017,VOO,236.26,236.47,235.9,236.13,"1,357,556"
10/30/2017,VOO,236.13,236.62,235.53,235.86,"1,292,944"
10/27/2017,VOO,235.63,236.88,235.3,236.72,"2,824,985"
10/26/2017,VOO,235.1,235.41,234.67,234.72,"3,298,206"
10/25/2017,VOO,235.3,235.41,233.29,234.5,"1,943,399"
10/24/2017,VOO,235.68,235.89,235.27,235.63,"1,818,387"
10/23/2017,VOO,236.49,236.49,235.15,235.3,"1,100,961"
10/20/2017,VOO,235.8,236.19,235.53,236.16,"1,296,336"
10/19/2017,VOO,234.03,234.99,233.62,234.99,"1,653,625"
10/18/2017,VOO,235.06,235.09,234.68,234.87,"1,527,797"
10/17/2017,VOO,234.47,234.69,234.22,234.66,"1,332,426"
10/16/2017,VOO,234.41,234.69,234.04,234.51,"1,767,459"
10/13/2017,VOO,234.37,234.47,234.02,234.14,"1,067,996"
10/12/2017,VOO,233.87,234.27,233.64,233.88,"1,079,399"
10/11/2017,VOO,233.74,234.24,233.6,234.24,"1,036,378"
10/10/2017,VOO,233.84,234.25,233.29,233.86,"1,027,667"
10/09/2017,VOO,233.92,233.93,232.98,233.27,"768,438"
10/06/2017,VOO,233.46,233.7,233.18,233.68,"1,101,532"
10/05/2017,VOO,232.86,233.93,232.76,233.9,"1,471,827"
10/04/2017,VOO,232.12,232.78,231.98,232.52,"1,006,990"
10/03/2017,VOO,231.9,232.25,231.67,232.2,"1,316,354"
10/02/2017,VOO,231,231.73,230.91,231.73,"1,960,563"
09/29/2017,VOO,229.91,230.83,229.74,230.76,"1,726,212"
09/28/2017,VOO,229.36,230.01,229.29,229.94,"1,084,739"
09/27/2017,VOO,229.53,230.06,228.6,229.67,"2,103,859"
09/26/2017,VOO,229.09,229.32,228.53,228.78,"2,335,149"
09/25/2017,VOO,228.82,229.2,227.86,228.7,"1,523,677"
09/22/2017,VOO,228.75,229.26,228.72,229.04,"1,599,223"
09/21/2017,VOO,229.54,229.58,228.87,229.07,"1,899,880"
09/20/2017,VOO,229.68,229.78,228.63,229.72,"1,850,533"
09/19/2017,VOO,230.79,230.85,230.44,230.77,"1,302,418"
09/18/2017,VOO,230.46,230.9,230.12,230.49,"1,325,168"
09/15/2017,VOO,229.62,230.13,229.49,230.09,"1,419,681"
09/14/2017,VOO,229.47,229.94,229.31,229.77,"1,857,330"
09/13/2017,VOO,229.37,229.85,229.28,229.85,"1,155,775"
09/12/2017,VOO,229.32,229.72,229.13,229.71,"1,535,016"
09/11/2017,VOO,227.85,229.01,227.84,228.87,"2,007,238"
09/08/2017,VOO,226.45,226.98,226.25,226.4,"1,896,853"
09/07/2017,VOO,227.13,227.13,226.34,226.75,"1,620,341"
09/06/2017,VOO,226.76,227.14,226.19,226.8,"1,523,352"
09/05/2017,VOO,227.1,227.35,224.98,226.01,"2,222,499"
09/01/2017,VOO,227.76,228.11,227.51,227.69,"1,393,725"
08/31/2017,VOO,226.63,227.58,226.55,227.3,"2,202,709"
08/30/2017,VOO,224.86,226.24,224.69,225.97,"1,377,845"
08/29/2017,VOO,223.25,225.16,223.15,224.85,"1,397,426"
08/28/2017,VOO,225.16,225.21,224.19,224.68,"800,954"
08/25/2017,VOO,224.95,225.58,224.47,224.6,"1,220,802"
08/24/2017,VOO,225.04,225.17,223.88,224.11,"1,345,458"
08/23/2017,VOO,224.46,225.06,224.26,224.63,"1,463,269"
08/22/2017,VOO,223.72,225.6,223.69,225.4,"1,455,656"
08/21/2017,VOO,222.85,223.36,222.12,223.14,"1,281,552"
08/18/2017,VOO,223.09,224.27,222.45,222.87,"2,691,136"
08/17/2017,VOO,226.19,226.5,223.28,223.28,"3,396,186"
08/16/2017,VOO,226.95,227.39,226.37,226.81,"1,531,378"
08/15/2017,VOO,226.84,226.87,226.1,226.45,"1,309,702"
08/14/2017,VOO,225.56,226.67,225.56,226.43,"2,201,879"
08/11/2017,VOO,224.13,224.82,223.87,224.23,"1,584,454"
08/10/2017,VOO,226.24,226.35,223.85,223.93,"3,043,288"
08/09/2017,VOO,226.35,227.15,226,227.05,"1,536,588"
08/08/2017,VOO,227.34,228.62,226.73,227.18,"1,065,082"
08/07/2017,VOO,227.33,227.66,227.2,227.63,"848,497"
08/04/2017,VOO,227.36,227.59,226.84,227.26,"1,039,834"
08/03/2017,VOO,227.18,227.18,226.55,226.88,"1,266,394"
08/02/2017,VOO,227.31,227.42,226.29,227.28,"1,889,733"
08/01/2017,VOO,227.3,227.32,226.68,227.15,"1,674,501"
07/31/2017,VOO,227.23,227.3,226.44,226.64,"3,020,261"
07/28/2017,VOO,226.54,226.92,226.09,226.77,"2,364,130"
07/27/2017,VOO,227.75,227.78,225.65,227.03,"1,834,455"
07/26/2017,VOO,227.57,227.59,226.98,227.3,"1,574,199"
07/25/2017,VOO,227.51,227.59,227.02,227.23,"1,349,504"
07/24/2017,VOO,226.67,226.83,226.22,226.69,"1,278,162"
07/21/2017,VOO,226.36,226.78,226.11,226.77,"2,461,780"
07/20/2017,VOO,227.13,227.25,226.4,226.93,"1,698,108"
07/19/2017,VOO,225.98,226.86,225.96,226.86,"1,255,309"
07/18/2017,VOO,225.13,225.69,224.73,225.67,"3,146,451"
07/17/2017,VOO,225.45,225.86,225.34,225.5,"1,176,176"
07/14/2017,VOO,224.52,225.9,224.39,225.47,"1,642,410"
07/13/2017,VOO,224.16,224.61,223.89,224.45,"1,485,924"
07/12/2017,VOO,223.47,224.28,223.47,224.07,"1,492,107"
07/11/2017,VOO,222.42,222.76,221.22,222.4,"1,638,921"
07/10/2017,VOO,222.2,222.99,222.04,222.57,"1,800,233"
07/07/2017,VOO,221.52,222.52,221.38,222.34,"2,148,110"
07/06/2017,VOO,222.16,222.25,220.72,220.94,"2,541,830"
07/05/2017,VOO,222.84,223.17,222,222.94,"2,043,819"
07/03/2017,VOO,223.09,223.53,222.47,222.55,"1,762,460"
06/30/2017,VOO,222.57,222.91,221.86,222.06,"2,982,313"
06/29/2017,VOO,223.81,223.92,220.42,221.69,"4,613,043"
06/28/2017,VOO,222.73,223.84,222.5,223.62,"2,875,767"
06/27/2017,VOO,223.21,223.52,221.63,221.66,"3,476,711"
06/26/2017,VOO,224,224.45,223.24,223.44,"1,321,687"
06/23/2017,VOO,223.12,223.65,222.72,223.37,"1,257,512"
06/22/2017,VOO,224.17,224.66,223.87,224,"1,344,396"
06/21/2017,VOO,224.57,224.72,223.64,224.13,"1,422,018"
06/20/2017,VOO,225.36,225.36,224.18,224.22,"1,365,997"
06/19/2017,VOO,224.73,225.77,224.62,225.7,"1,433,401"
06/16/2017,VOO,224,224.06,222.94,223.87,"1,603,612"
06/15/2017,VOO,222.86,223.93,222.51,223.81,"2,171,076"
06/14/2017,VOO,224.82,224.84,223.38,224.26,"1,886,036"
06/13/2017,VOO,223.99,224.57,223.64,224.5,"2,170,673"
06/12/2017,VOO,223.21,223.48,222.51,223.41,"1,812,649"
06/09/2017,VOO,224.12,224.93,222.1,223.5,"2,117,658"
06/08/2017,VOO,223.82,224.31,223.24,223.76,"1,116,090"
06/07/2017,VOO,223.69,223.93,222.93,223.68,"1,328,893"
06/06/2017,VOO,223.37,223.95,223.2,223.31,"1,449,440"
06/05/2017,VOO,223.99,224.28,223.81,223.95,"1,831,231"
06/02/2017,VOO,223.48,224.32,223.17,224.1,"1,857,591"
06/01/2017,VOO,222.14,223.45,221.86,223.4,"2,112,900"
05/31/2017,VOO,222.04,222.08,220.92,221.67,"2,326,169"
05/30/2017,VOO,221.56,221.97,221.42,221.72,"1,511,818"
05/26/2017,VOO,221.76,222.07,221.67,221.93,"1,196,072"
05/25/2017,VOO,221.43,222.24,221.21,221.92,"1,565,020"
05/24/2017,VOO,220.64,221,220.28,220.89,"1,454,448"
05/23/2017,VOO,220.31,220.54,219.9,220.36,"1,258,977"
05/22/2017,VOO,219.26,220.05,219.23,219.93,"1,865,003"
05/19/2017,VOO,217.88,219.47,217.83,218.71,"2,436,492"
05/18/2017,VOO,216.33,218.24,216.13,217.36,"2,894,833"
05/17/2017,VOO,218.61,219.07,216.42,216.57,"3,507,715"
05/16/2017,VOO,220.88,220.94,220,220.48,"2,452,545"
05/15/2017,VOO,219.88,220.72,219.83,220.52,"1,441,038"
05/12/2017,VOO,219.5,219.6,219.12,219.41,"1,056,500"
05/11/2017,VOO,219.74,219.93,218.62,219.75,"1,855,740"
05/10/2017,VOO,219.76,220.22,219.55,220.2,"1,067,300"
05/09/2017,VOO,220.29,220.49,219.44,219.79,"1,637,189"
05/08/2017,VOO,220.13,220.25,219.57,220.07,"2,225,028"
05/05/2017,VOO,219.56,220.06,219.12,220.06,"1,729,796"
05/04/2017,VOO,219.27,219.35,218.31,219.18,"1,439,117"
05/03/2017,VOO,218.78,219.17,218.24,218.98,"1,654,565"
05/02/2017,VOO,219.29,219.38,218.77,219.2,"2,573,012"
05/01/2017,VOO,219.16,219.57,218.65,219.13,"1,506,653"
04/28/2017,VOO,219.33,219.34,218.43,218.6,"1,257,631"
04/27/2017,VOO,219.2,219.36,218.47,219.02,"1,154,178"
04/26/2017,VOO,218.96,219.9,218.81,218.85,"2,824,460"
04/25/2017,VOO,218.41,219.36,218.29,219.01,"1,745,507"
04/24/2017,VOO,217.75,217.95,217.23,217.7,"2,366,350"
04/21/2017,VOO,215.97,216.02,214.93,215.4,"2,594,355"
04/20/2017,VOO,214.98,216.5,214.62,216.03,"2,734,329"
04/19/2017,VOO,215.31,215.7,214.06,214.28,"2,032,384"
04/18/2017,VOO,214.55,215.24,213.98,214.75,"2,696,140"
04/17/2017,VOO,214,215.35,213.8,215.34,"1,746,903"
04/13/2017,VOO,214.5,215.24,213.47,213.47,"1,806,823"
04/12/2017,VOO,215.49,215.69,214.62,214.9,"2,002,741"
04/11/2017,VOO,215.63,215.88,214.25,215.79,"1,787,316"
04/10/2017,VOO,216.06,216.88,215.5,216.06,"1,311,885"
04/07/2017,VOO,215.86,216.64,215.4,215.91,"1,835,945"
04/06/2017,VOO,215.71,216.68,215.22,216.1,"1,635,457"
04/05/2017,VOO,216.89,217.93,215.34,215.54,"2,311,797"
04/04/2017,VOO,215.71,216.25,215.33,216.2,"2,481,598"
04/03/2017,VOO,216.51,216.69,214.74,216.08,"2,843,874"
03/31/2017,VOO,216.56,217.11,216.35,216.35,"1,331,402"
03/30/2017,VOO,216.17,217.13,215.98,216.87,"2,494,842"
03/29/2017,VOO,215.72,216.47,215.48,216.29,"1,748,673"
03/28/2017,VOO,214.16,216.46,214.05,215.97,"3,057,247"
03/27/2017,VOO,212.87,214.72,212.62,214.38,"2,082,864"
03/24/2017,VOO,215.14,215.77,213.88,214.73,"2,647,642"
03/23/2017,VOO,214.8,216.02,214.44,214.8,"2,436,713"
03/22/2017,VOO,214.58,215.34,213.95,215.02,"2,600,312"
03/21/2017,VOO,219,219.13,215.41,215.58,"3,468,676"
03/20/2017,VOO,218.59,218.89,217.98,218.33,"1,035,933"
03/17/2017,VOO,219.3,219.44,218.56,218.56,"1,588,569"
03/16/2017,VOO,219.61,219.65,218.65,219,"1,710,910"
03/15/2017,VOO,218.13,219.85,217.87,219.37,"3,358,849"
03/14/2017,VOO,217.77,217.81,216.89,217.56,"1,428,401"
03/13/2017,VOO,218.18,218.41,217.86,218.3,"1,388,168"
03/10/2017,VOO,218.55,218.56,217.26,218.17,"1,819,935"
03/09/2017,VOO,217.33,217.84,216.46,217.41,"1,636,234"
03/08/2017,VOO,217.95,218.2,217.07,217.18,"1,784,358"
03/07/2017,VOO,217.98,218.33,217.42,217.64,"1,743,154"
03/06/2017,VOO,218.07,218.65,217.63,218.3,"1,530,991"
03/03/2017,VOO,218.7,219.09,218.31,218.98,"1,765,867"
03/02/2017,VOO,219.99,220.02,218.75,218.86,"1,657,102"
03/01/2017,VOO,218.9,220.66,218.87,220.15,"3,325,472"
02/28/2017,VOO,217.34,217.58,216.72,217.07,"2,181,041"
02/27/2017,VOO,217.32,217.9,217.02,217.71,"1,942,241"
02/24/2017,VOO,216.22,217.42,216.16,217.39,"1,637,987"
02/23/2017,VOO,217.54,217.54,216.3,217.13,"1,717,171"
02/22/2017,VOO,216.72,217.19,216.55,217.01,"1,471,519"
02/21/2017,VOO,216.32,217.32,216.25,217.11,"1,893,172"
02/17/2017,VOO,214.84,215.84,214.79,215.84,"1,452,593"
02/16/2017,VOO,215.74,215.9,214.73,215.51,"1,920,430"
02/15/2017,VOO,214.34,215.89,214.31,215.68,"2,050,241"
02/14/2017,VOO,213.55,214.59,213.16,214.59,"2,528,144"
02/13/2017,VOO,213.11,214,213.07,213.7,"1,756,259"
02/10/2017,VOO,212.13,212.8,212.01,212.57,"1,412,364"
02/09/2017,VOO,210.78,212.04,210.74,211.72,"1,237,378"
02/08/2017,VOO,209.89,210.61,209.63,210.52,"1,096,151"
02/07/2017,VOO,210.65,210.84,209.99,210.25,"1,194,607"
02/06/2017,VOO,210.12,210.54,209.84,210.2,"1,345,575"
02/03/2017,VOO,210.08,210.73,209.77,210.64,"4,264,496"
02/02/2017,VOO,208.59,209.4,208.23,209.09,"1,661,322"
02/01/2017,VOO,209.62,209.86,208.37,209,"2,698,826"
01/31/2017,VOO,208.34,208.97,207.79,208.97,"3,787,144"
01/30/2017,VOO,209.48,209.52,207.88,208.98,"2,782,355"
01/27/2017,VOO,210.65,210.76,210.03,210.25,"1,428,164"
01/26/2017,VOO,210.65,210.9,210.25,210.55,"2,485,086"
01/25/2017,VOO,209.98,210.77,209.79,210.71,"2,872,970"
01/24/2017,VOO,207.86,209.4,207.75,208.97,"1,940,125"
01/23/2017,VOO,207.84,208.21,206.83,207.65,"4,586,616"
01/20/2017,VOO,208.14,208.7,207.56,208.13,"2,082,660"
01/19/2017,VOO,208.27,208.43,206.97,207.46,"1,666,905"
01/18/2017,VOO,208.01,208.22,207.42,208.16,"1,980,477"
01/17/2017,VOO,207.79,208.21,207.33,207.72,"1,690,053"
01/13/2017,VOO,208.18,208.78,208.13,208.46,"2,822,744"
01/12/2017,VOO,207.97,208.19,206.54,208.05,"3,244,560"
01/11/2017,VOO,207.84,208.51,207.12,208.51,"5,678,042"
01/10/2017,VOO,207.9,208.82,207.51,207.92,"2,189,422"
01/09/2017,VOO,208.34,208.48,207.89,207.95,"1,705,181"
01/06/2017,VOO,207.99,209.09,207.4,208.61,"2,194,576"
01/05/2017,VOO,207.75,208.04,207.01,207.8,"2,772,065"
01/04/2017,VOO,207.2,208.18,207.12,207.96,"4,622,614"
01/03/2017,VOO,206.68,207.33,205.56,206.74,"4,750,181"
12/30/2016,VOO,206.37,206.43,204.51,205.31,"4,251,400"
12/29/2016,VOO,206.1,206.47,205.51,206.02,"1,773,088"
12/28/2016,VOO,208,208.07,205.91,206.06,"2,227,976"
12/27/2016,VOO,207.48,208.15,207.48,207.7,"1,818,503"
12/23/2016,VOO,206.98,207.22,206.77,207.19,"1,279,241"
12/22/2016,VOO,207.16,207.24,206.5,207.01,"1,863,775"
12/21/2016,VOO,209.06,209.2,208.57,208.57,"1,546,569"
12/20/2016,VOO,208.92,209.31,208.68,209.14,"3,195,261"
12/19/2016,VOO,208.1,208.8,207.93,208.34,"2,041,965"
12/16/2016,VOO,208.82,208.84,207.55,207.87,"3,073,985"
12/15/2016,VOO,207.72,209.23,207.58,208.23,"2,812,515"
12/14/2016,VOO,208.84,209.59,206.98,207.46,"4,232,922"
12/13/2016,VOO,208.53,209.7,208.47,209.19,"2,670,195"
12/12/2016,VOO,207.92,208.42,207.34,207.77,"2,419,559"
12/09/2016,VOO,207.02,208.03,206.98,208,"1,972,005"
12/08/2016,VOO,206.25,207.27,205.95,206.74,"2,983,048"
12/07/2016,VOO,203.45,206.32,203.3,206.2,"2,253,885"
12/06/2016,VOO,203.17,203.63,202.64,203.62,"2,413,335"
12/05/2016,VOO,202.64,203.3,202.42,202.91,"2,070,921"
12/02/2016,VOO,201.7,202.23,201.35,201.75,"2,119,086"
12/01/2016,VOO,202.68,202.71,201.24,201.61,"3,284,087"
11/30/2016,VOO,203.53,203.69,202.31,202.4,"2,360,118"
11/29/2016,VOO,202.51,203.35,202.17,202.86,"1,689,610"
11/28/2016,VOO,203.07,203.37,202.35,202.54,"2,193,035"
11/25/2016,VOO,203.08,203.5,202.96,203.5,"1,843,091"
11/23/2016,VOO,202.14,202.71,201.77,202.69,"1,466,301"
11/22/2016,VOO,202.51,202.73,201.77,202.51,"2,773,430"
11/21/2016,VOO,201.25,202.18,201.11,202.14,"2,641,345"
11/18/2016,VOO,201.16,201.32,200.44,200.66,"1,668,283"
11/17/2016,VOO,200.21,201.13,200.12,201.02,"1,178,183"
11/16/2016,VOO,199.78,200.29,199.65,200.07,"1,195,176"
11/15/2016,VOO,199.29,200.42,199.07,200.41,"2,532,449"
11/14/2016,VOO,199.3,199.49,198.06,198.8,"2,651,298"
11/11/2016,VOO,198.42,198.96,197.7,198.77,"1,954,176"
11/10/2016,VOO,199.53,200.44,197.61,199.14,"5,126,353"
11/09/2016,VOO,194.94,199.34,194.92,198.68,"6,119,111"
11/08/2016,VOO,195.31,197.18,195.02,196.58,"3,055,904"
11/07/2016,VOO,194.17,195.74,194.01,195.68,"2,699,111"
11/04/2016,VOO,191.8,192.71,191.32,191.48,"2,221,546"
11/03/2016,VOO,192.79,193,191.39,191.74,"1,512,171"
11/02/2016,VOO,193.42,193.81,192.1,192.49,"3,395,857"
11/01/2016,VOO,195.52,195.54,192.45,193.77,"2,456,610"
10/31/2016,VOO,195.49,195.74,194.98,195.13,"1,816,259"
10/28/2016,VOO,195.71,196.4,194.4,195.13,"2,632,032"
10/27/2016,VOO,197.04,197.07,195.65,195.75,"1,635,461"
10/26/2016,VOO,195.76,196.86,195.53,196.27,"1,202,326"
10/25/2016,VOO,197.13,197.39,196.48,196.71,"1,465,279"
10/24/2016,VOO,197.37,197.65,196.95,197.27,"816,971"
10/21/2016,VOO,195.54,196.57,195.38,196.47,"1,376,361"
10/20/2016,VOO,196.37,196.97,195.7,196.42,"1,309,798"
10/19/2016,VOO,196.49,197.08,196.13,196.74,"1,041,362"
10/18/2016,VOO,196.7,196.76,195.82,196.2,"1,263,381"
10/17/2016,VOO,195.64,195.93,194.81,195.05,"1,323,208"
10/14/2016,VOO,196.65,197.12,195.61,195.63,"1,218,830"
10/13/2016,VOO,194.83,196.11,193.92,195.58,"2,407,142"
10/12/2016,VOO,196.12,196.74,195.59,196.21,"1,458,682"
10/11/2016,VOO,198,198.07,195.19,195.96,"2,643,454"
10/10/2016,VOO,198.44,198.95,198.31,198.37,"1,297,401"
10/07/2016,VOO,198.42,198.6,196.65,197.46,"1,795,140"
10/06/2016,VOO,197.74,198.34,197.16,198.19,"1,117,392"
10/05/2016,VOO,197.77,198.44,197.72,197.96,"1,126,748"
10/04/2016,VOO,198.25,198.47,196.48,197.14,"2,846,581"
10/03/2016,VOO,198.18,198.35,197.45,198.06,"2,136,031"
09/30/2016,VOO,198.01,199.34,197.75,198.69,"3,147,403"
09/29/2016,VOO,198.71,199.11,196.54,197.11,"2,074,617"
09/28/2016,VOO,198.18,199.07,197.13,198.98,"1,420,106"
09/27/2016,VOO,196.53,198.01,196.16,197.91,"1,468,355"
09/26/2016,VOO,197.47,197.6,196.5,196.71,"2,451,583"
09/23/2016,VOO,198.98,199.11,198.22,198.29,"1,413,561"
09/22/2016,VOO,199.26,199.71,198.98,199.36,"2,215,243"
09/21/2016,VOO,196.69,198.34,195.98,198.17,"2,238,757"
09/20/2016,VOO,196.86,197.03,195.93,195.97,"1,294,085"
09/19/2016,VOO,196.63,197.28,195.64,195.95,"2,061,350"
09/16/2016,VOO,196.02,196.19,195.17,195.89,"1,774,206"
09/15/2016,VOO,194.51,197.07,194.37,196.66,"1,874,617"
09/14/2016,VOO,194.83,196.12,194.12,194.66,"2,967,147"
09/13/2016,VOO,196.25,196.51,194.12,194.78,"3,365,268"
09/12/2016,VOO,194.88,198.95,194.8,198.48,"2,800,162"
09/09/2016,VOO,199.08,199.18,195.67,195.68,"3,435,593"
09/08/2016,VOO,200.62,200.92,200.19,200.52,"2,180,474"
09/07/2016,VOO,200.82,201.15,200.32,200.99,"1,455,442"
09/06/2016,VOO,200.69,201.04,199.92,201,"1,589,601"
09/02/2016,VOO,200.41,200.83,199.78,200.37,"1,555,772"
09/01/2016,VOO,199.5,199.79,198.24,199.48,"2,196,085"
08/31/2016,VOO,199.7,199.82,198.65,199.52,"2,343,858"
08/30/2016,VOO,200.28,200.57,199.45,200.01,"1,407,367"
08/29/2016,VOO,199.53,200.65,199.49,200.39,"1,140,677"
08/26/2016,VOO,199.96,201.05,198.44,199.38,"2,890,614"
08/25/2016,VOO,199.48,200.21,199.33,199.76,"1,262,644"
08/24/2016,VOO,200.78,200.87,199.46,199.92,"1,161,308"
08/23/2016,VOO,201.18,201.51,200.86,200.89,"1,214,468"
08/22/2016,VOO,200.3,200.75,199.88,200.52,"880,393"
08/19/2016,VOO,200.34,200.72,199.81,200.54,"1,190,807"
08/18/2016,VOO,200.37,200.86,200.25,200.82,"5,211,151"
08/17/2016,VOO,200.05,200.53,199.14,200.34,"3,157,676"
08/16/2016,VOO,200.61,200.66,200,200.01,"1,731,162"
08/15/2016,VOO,200.89,201.41,200.85,201.05,"1,051,549"
08/12/2016,VOO,200.32,200.7,200.04,200.47,"1,718,942"
08/11/2016,VOO,200.31,200.89,200,200.67,"1,645,128"
08/10/2016,VOO,200.34,200.4,199.33,199.69,"1,222,339"
08/09/2016,VOO,200.19,200.73,199.86,200.2,"1,821,115"
08/08/2016,VOO,200.41,200.51,199.79,200.07,"1,441,879"
08/05/2016,VOO,199.34,200.22,199.19,200.17,"1,818,582"
08/04/2016,VOO,198.5,198.9,198.05,198.57,"1,384,742"
08/03/2016,VOO,197.74,198.42,197.4,198.38,"2,057,535"
08/02/2016,VOO,198.79,198.94,196.88,197.81,"4,085,790"
08/01/2016,VOO,199.33,199.71,198.58,199.05,"2,111,491"
07/29/2016,VOO,198.63,199.6,198.32,199.28,"1,758,641"
07/28/2016,VOO,198.49,199.21,197.98,198.93,"937,223"
07/27/2016,VOO,199.29,199.34,197.85,198.71,"2,120,164"
07/26/2016,VOO,198.7,199.25,197.97,198.84,"1,405,546"
07/25/2016,VOO,199.1,199.17,198.17,198.85,"1,172,616"
07/22/2016,VOO,198.62,199.38,198.3,199.33,"1,678,993"
07/21/2016,VOO,199.07,199.32,197.97,198.41,"4,509,817"
07/20/2016,VOO,198.92,199.44,198.41,199.16,"1,096,892"
07/19/2016,VOO,198.13,198.39,197.88,198.36,"1,003,296"
07/18/2016,VOO,198.15,198.74,197.9,198.58,"1,155,726"
07/15/2016,VOO,198.93,198.93,197.56,198.01,"2,346,463"
07/14/2016,VOO,198.58,198.8,197.89,198.31,"3,691,107"
07/13/2016,VOO,197.69,197.69,196.69,197.16,"2,767,524"
07/12/2016,VOO,196.84,197.54,196.59,197.23,"2,356,688"
07/11/2016,VOO,195.62,196.41,195.41,195.85,"3,590,725"
07/08/2016,VOO,193.63,195.36,193.41,195.17,"2,048,546"
07/07/2016,VOO,192.56,193.26,191.44,192.25,"1,704,943"
07/06/2016,VOO,190.71,192.49,189.97,192.38,"2,197,888"
07/05/2016,VOO,191.73,191.82,190.57,191.25,"2,233,027"
07/01/2016,VOO,192.09,193.12,192.07,192.6,"2,170,965"
06/30/2016,VOO,190.13,192.24,189.53,192.2,"3,822,157"
06/29/2016,VOO,187.95,189.86,187.86,189.64,"4,147,798"
06/28/2016,VOO,184.87,186.44,184.53,186.43,"4,475,851"
06/27/2016,VOO,185.06,185.06,182.27,183.05,"7,720,460"
06/24/2016,VOO,187,189.82,186,186.56,"10,310,480"
06/23/2016,VOO,192.52,193.44,192,193.39,"2,582,160"
06/22/2016,VOO,191.45,192.21,190.78,190.92,"2,245,874"
06/21/2016,VOO,191.15,191.65,190.65,191.24,"1,826,453"
06/20/2016,VOO,192.56,193.26,191.56,191.65,"1,192,781"
06/17/2016,VOO,191.1,191.1,189.73,190.43,"1,700,955"
06/16/2016,VOO,189.6,191.33,188.57,191.14,"2,744,398"
06/15/2016,VOO,191.26,191.96,190.36,190.52,"1,590,761"
06/14/2016,VOO,190.83,191.45,189.8,190.8,"2,051,157"
06/13/2016,VOO,192.03,192.97,191.12,191.22,"2,318,169"
06/10/2016,VOO,193.07,193.43,192.12,192.67,"1,932,902"
06/09/2016,VOO,194.02,194.69,193.75,194.54,"1,521,582"
06/08/2016,VOO,194.34,194.95,194.21,194.84,"1,041,126"
06/07/2016,VOO,194.05,194.78,194.02,194.2,"1,551,220"
06/06/2016,VOO,193.29,194.24,193.12,193.85,"1,177,575"
06/03/2016,VOO,192.85,193.26,191.59,192.92,"1,897,245"
06/02/2016,VOO,192.45,193.48,191.92,193.48,"1,601,670"
06/01/2016,VOO,191.88,193.06,191.63,192.9,"2,375,453"
05/31/2016,VOO,193.16,193.27,191.88,192.54,"2,821,918"
05/27/2016,VOO,192.19,192.83,192.16,192.77,"988,554"
05/26/2016,VOO,192.14,192.36,191.68,192.02,"1,225,286"
05/25/2016,VOO,191.38,192.42,191.36,191.93,"2,006,658"
05/24/2016,VOO,189.13,191.01,189.08,190.63,"1,985,569"
05/23/2016,VOO,188.48,188.78,188.02,188.24,"1,415,351"
05/20/2016,VOO,187.97,189.05,187.9,188.49,"1,588,705"
05/19/2016,VOO,187.15,187.59,185.97,187.32,"1,795,981"
05/18/2016,VOO,187.5,189.2,186.78,187.93,"1,941,954"
05/17/2016,VOO,189.35,189.65,187.33,187.96,"3,327,139"
05/16/2016,VOO,187.98,190.16,187.93,189.63,"1,075,169"
05/13/2016,VOO,189.1,189.71,187.46,187.76,"1,659,017"
05/12/2016,VOO,190.14,190.29,188.36,189.51,"1,783,364"
05/11/2016,VOO,190.71,191.07,189.39,189.4,"2,725,489"
05/10/2016,VOO,189.61,191.21,189.54,191.19,"1,021,067"
05/09/2016,VOO,188.55,189.27,188.36,188.85,"1,569,041"
05/06/2016,VOO,187.21,188.72,187,188.65,"1,551,415"
05/05/2016,VOO,188.57,188.9,187.57,187.97,"1,611,560"
05/04/2016,VOO,187.99,188.78,187.47,187.99,"2,079,584"
05/03/2016,VOO,189.44,189.66,188.28,189.1,"2,351,937"
05/02/2016,VOO,189.81,190.95,189.34,190.73,"1,638,888"
04/29/2016,VOO,189.62,189.98,188.05,189.22,"2,785,562"
04/28/2016,VOO,191.22,192.4,189.85,190.3,"1,578,782"
04/27/2016,VOO,191.21,192.44,190.8,192.03,"1,972,145"
04/26/2016,VOO,191.72,192.16,191.14,191.63,"1,715,256"
04/25/2016,VOO,191.07,191.36,190.35,191.35,"2,367,987"
04/22/2016,VOO,191.3,191.94,190.69,191.66,"1,863,871"
04/21/2016,VOO,192.7,192.82,191.37,191.61,"1,814,695"
04/20/2016,VOO,192.6,193.43,192.05,192.68,"1,636,809"
04/19/2016,VOO,192.36,192.78,191.64,192.52,"1,633,309"
04/18/2016,VOO,189.99,191.94,189.85,191.94,"2,345,283"
04/15/2016,VOO,190.8,190.85,190.22,190.56,"2,059,711"
04/14/2016,VOO,190.84,191.31,190.41,190.77,"3,214,859"
04/13/2016,VOO,189.88,190.85,189.71,190.79,"1,972,878"
04/12/2016,VOO,187.29,189.18,186.83,188.9,"1,591,103"
04/11/2016,VOO,188.26,188.99,187.03,187.08,"1,355,339"
04/08/2016,VOO,188.31,188.77,186.99,187.57,"2,043,818"
04/07/2016,VOO,188.17,188.5,186.26,187.06,"2,635,339"
04/06/2016,VOO,187.39,189.38,187.09,189.29,"1,860,788"
04/05/2016,VOO,187.74,188.21,187,187.25,"1,737,546"
04/04/2016,VOO,189.74,189.9,188.83,189.17,"1,259,504"
04/01/2016,VOO,187.4,189.96,187.1,189.77,"2,971,762"
03/31/2016,VOO,188.85,189.29,188.32,188.56,"3,007,818"
03/30/2016,VOO,189.17,189.72,188.58,189.01,"1,908,432"
03/29/2016,VOO,185.99,188.22,185.63,188.22,"1,604,863"
03/28/2016,VOO,186.76,186.94,185.92,186.43,"1,271,292"
03/24/2016,VOO,185.25,186.32,185.01,186.3,"1,874,837"
03/23/2016,VOO,187.18,187.36,186.18,186.43,"1,633,330"
03/22/2016,VOO,186.89,188.21,186.71,187.63,"1,521,645"
03/21/2016,VOO,187.18,187.94,186.91,187.73,"1,535,429"
03/18/2016,VOO,188.35,188.79,187.91,188.45,"2,623,374"
03/17/2016,VOO,186.42,188.24,186,187.75,"1,937,631"
03/16/2016,VOO,184.88,186.93,184.86,186.57,"2,700,754"
03/15/2016,VOO,184.7,185.46,184.42,185.46,"1,325,307"
03/14/2016,VOO,185.4,186.2,185.07,185.7,"1,412,806"
03/11/2016,VOO,184.57,186.01,184.46,185.98,"2,231,094"
03/10/2016,VOO,183.38,184.39,181.03,183.01,"2,090,526"
03/09/2016,VOO,182.85,183.22,182.01,182.91,"1,641,629"
03/08/2016,VOO,182.83,183.33,181.78,181.91,"3,385,371"
03/07/2016,VOO,182.85,184.39,182.75,183.98,"3,449,884"
03/04/2016,VOO,183.45,184.66,182.55,183.78,"2,821,028"
03/03/2016,VOO,182.27,183.23,181.7,183.19,"3,151,238"
03/02/2016,VOO,181.36,182.54,180.91,182.52,"3,839,431"
03/01/2016,VOO,178.84,181.75,178.33,181.75,"3,041,355"
02/29/2016,VOO,178.94,179.95,177.38,177.38,"3,128,430"
02/26/2016,VOO,180.2,180.36,178.74,178.98,"2,560,772"
02/25/2016,VOO,177.7,179.31,176.83,179.31,"2,546,042"
02/24/2016,VOO,174.79,177.45,173.6,177.18,"2,599,814"
02/23/2016,VOO,177.92,178.19,176.22,176.35,"2,076,023"
02/22/2016,VOO,177.78,178.75,177.71,178.59,"2,603,066"
02/19/2016,VOO,175.28,176.2,174.65,176.07,"1,136,909"
02/18/2016,VOO,177.2,177.22,175.8,176.11,"1,646,248"
02/17/2016,VOO,175.32,177.25,175.12,176.86,"2,265,428"
02/16/2016,VOO,173.2,174.01,172.05,174.01,"2,360,977"
02/12/2016,VOO,169.54,171.14,168.7,171.14,"1,800,434"
02/11/2016,VOO,167.26,168.72,166.05,167.7,"3,439,188"
02/10/2016,VOO,170.93,172.65,169.72,169.88,"1,953,557"
02/09/2016,VOO,168.18,171.37,167.97,169.99,"2,360,700"
02/08/2016,VOO,170.29,170.62,167.62,169.94,"3,402,156"
02/05/2016,VOO,175.04,175.19,171.65,172.31,"2,372,140"
02/04/2016,VOO,174.95,176.7,174.23,175.61,"3,562,207"
02/03/2016,VOO,175.47,175.81,171.57,175.39,"3,871,039"
02/02/2016,VOO,175.86,176.09,173.8,174.37,"5,101,178"
02/01/2016,VOO,176.61,178.39,175.91,177.59,"3,923,163"
01/29/2016,VOO,174.34,177.75,174.08,177.75,"4,453,063"
01/28/2016,VOO,174.13,174.35,171.65,173.36,"2,616,788"
01/27/2016,VOO,173.89,175.62,171.5,172.42,"3,543,044"
01/26/2016,VOO,172.85,174.66,172.39,174.4,"2,263,679"
01/25/2016,VOO,174.1,174.33,171.83,172.07,"2,756,669"
01/22/2016,VOO,174.03,174.86,173.18,174.66,"2,611,736"
01/21/2016,VOO,170.79,173.14,169.33,171.15,"3,004,560"
01/20/2016,VOO,169.59,171.88,165.96,170.32,"8,577,612"
01/19/2016,VOO,174.2,174.29,170.72,172.34,"5,863,327"
01/15/2016,VOO,171.2,173.06,170.1,172.15,"8,087,271"
01/14/2016,VOO,173.79,177.18,172.06,175.92,"5,081,427"
01/13/2016,VOO,178.43,178.64,172.72,173.11,"4,125,701"
01/12/2016,VOO,177.75,178.36,175.26,177.45,"2,998,751"
01/11/2016,VOO,177.04,177.32,174.06,175.99,"4,493,336"
01/08/2016,VOO,178.97,179.53,175.65,175.97,"7,357,283"
01/07/2016,VOO,179.15,181,177.5,177.86,"4,952,509"
01/06/2016,VOO,181.93,183.38,181.19,182.3,"2,755,124"
01/05/2016,VOO,184.57,185.12,183.43,184.64,"2,882,479"
01/04/2016,VOO,183.77,184.32,182.08,184.31,"4,193,516"
12/31/2015,VOO,188.12,188.76,186.93,186.93,"2,395,239"
12/30/2015,VOO,189.97,189.99,188.67,188.8,"2,535,957"
12/29/2015,VOO,189.43,190.51,189.34,190.2,"1,757,106"
12/28/2015,VOO,187.85,188.18,187,188.1,"2,668,300"
12/24/2015,VOO,188.69,189.17,188.34,188.51,"1,171,195"
12/23/2015,VOO,187.75,188.94,187.57,188.84,"2,275,458"
12/22/2015,VOO,185.85,186.89,184.8,186.6,"2,423,276"
12/21/2015,VOO,184.74,185.07,183.47,184.93,"2,168,689"
12/18/2015,VOO,186.95,187.08,184.4,184.4,"4,531,400"
12/17/2015,VOO,191.14,191.16,187.82,187.89,"3,096,008"
12/16/2015,VOO,189.28,191.08,187.7,190.67,"6,361,660"
12/15/2015,VOO,187.75,188.96,187.53,188.03,"3,799,323"
12/14/2015,VOO,185.32,186.09,183.31,186.09,"2,722,593"
12/11/2015,VOO,186.44,187.15,184.75,184.98,"3,084,361"
12/10/2015,VOO,188.5,190.18,188.1,188.74,"4,083,792"
12/09/2015,VOO,189.12,191.32,187.2,188.31,"4,500,277"
12/08/2015,VOO,189.25,190.72,188.67,189.73,"1,721,707"
12/07/2015,VOO,191.88,191.88,189.98,190.95,"1,752,945"
12/04/2015,VOO,188.99,192.52,188.84,192.16,"2,900,787"
12/03/2015,VOO,191.56,191.75,187.73,188.46,"2,724,471"
12/02/2015,VOO,193.18,193.45,190.92,191.18,"1,999,841"
12/01/2015,VOO,192.05,193.3,191.78,193.22,"1,812,918"
11/30/2015,VOO,192.45,192.47,191.24,191.37,"1,550,956"
11/27/2015,VOO,192.08,192.38,191.5,192.15,"894,462"
11/25/2015,VOO,192.15,192.31,191.67,191.96,"758,701"
11/24/2015,VOO,190.63,192.38,190.18,192.02,"1,571,991"
11/23/2015,VOO,191.89,192.54,191.2,191.71,"1,308,110"
11/20/2015,VOO,192.01,192.66,191.5,191.93,"1,317,636"
11/19/2015,VOO,191.3,191.68,190.9,191.22,"2,155,036"
11/18/2015,VOO,188.91,191.51,188.89,191.32,"2,858,620"
11/17/2015,VOO,188.86,189.79,187.83,188.29,"1,879,921"
11/16/2015,VOO,185.5,188.55,185.36,188.52,"1,687,079"
11/13/2015,VOO,187.35,187.62,185.58,185.67,"3,223,960"
11/12/2015,VOO,189.36,189.81,187.78,187.84,"2,454,885"
11/11/2015,VOO,191.48,191.55,190.39,190.39,"1,114,737"
11/10/2015,VOO,190.26,191.25,189.91,191.12,"1,257,460"
11/09/2015,VOO,191.89,192.01,189.75,190.76,"2,127,809"
11/06/2015,VOO,192.26,192.83,191.12,192.56,"2,172,599"
11/05/2015,VOO,192.99,193.44,191.71,192.64,"2,185,114"
11/04/2015,VOO,193.77,193.9,192.28,192.88,"1,786,682"
11/03/2015,VOO,192.54,194.06,192.28,193.43,"3,920,353"
11/02/2015,VOO,190.98,193.09,190.85,192.82,"2,403,483"
10/30/2015,VOO,191.82,192,190.56,190.56,"2,011,559"
10/29/2015,VOO,191.04,191.85,190.89,191.53,"1,779,006"
10/28/2015,VOO,189.84,191.6,189.06,191.6,"2,251,897"
10/27/2015,VOO,189.08,189.76,188.65,189.4,"1,442,405"
10/26/2015,VOO,190.11,190.12,189.39,189.77,"1,150,453"
10/23/2015,VOO,190,190.63,189.14,190.22,"1,624,331"
10/22/2015,VOO,186.02,188.38,185.97,188.17,"1,498,293"
10/21/2015,VOO,186.79,186.81,184.86,184.97,"1,556,881"
10/20/2015,VOO,186.02,186.87,185.7,186.18,"1,151,189"
10/19/2015,VOO,185.66,186.43,185.31,186.42,"768,898"
10/16/2015,VOO,185.92,186.34,185.12,186.2,"1,241,247"
10/15/2015,VOO,183.4,185.49,183.02,185.45,"2,523,136"
10/14/2015,VOO,183.45,184.13,182.39,182.71,"1,184,112"
10/13/2015,VOO,183.98,185.31,183.39,183.57,"1,022,349"
10/12/2015,VOO,184.68,184.93,184.18,184.8,"885,090"
10/09/2015,VOO,184.66,185.08,183.91,184.58,"1,651,038"
10/08/2015,VOO,182.44,184.78,182.08,184.48,"3,109,551"
10/07/2015,VOO,182.4,183.19,181.05,182.87,"1,693,811"
10/06/2015,VOO,181.88,182.41,180.59,181.35,"1,325,351"
10/05/2015,VOO,180.14,182.18,180,181.96,"2,049,140"
10/02/2015,VOO,174,178.75,173.35,178.75,"2,307,155"
10/01/2015,VOO,175.97,176.43,174,176.2,"3,948,423"
09/30/2015,VOO,174.56,175.84,173.67,175.71,"4,123,583"
09/29/2015,VOO,172.67,173.92,171.36,172.4,"3,219,534"
09/28/2015,VOO,175.86,175.87,172.02,172.31,"3,732,895"
09/25/2015,VOO,178.48,178.71,175.83,176.76,"3,436,258"
09/24/2015,VOO,176.05,177.31,174.69,176.88,"2,562,353"
09/23/2015,VOO,177.99,178.45,176.85,177.43,"1,670,250"
09/22/2015,VOO,177.8,178.25,176.54,177.75,"2,469,477"
09/21/2015,VOO,180.15,181.2,178.94,180.1,"1,467,587"
09/18/2015,VOO,180.41,182.04,179.69,180.13,"3,205,186"
09/17/2015,VOO,183.4,185.99,182.74,183.09,"3,106,238"
09/16/2015,VOO,182.34,183.72,181.91,183.57,"2,098,874"
09/15/2015,VOO,180.22,182.42,179.77,181.98,"1,641,534"
09/14/2015,VOO,180.58,180.58,179.18,179.64,"905,324"
09/11/2015,VOO,179.09,180.42,178.33,180.32,"2,184,960"
09/10/2015,VOO,178.25,180.78,178.07,179.57,"1,774,435"
09/09/2015,VOO,182.8,182.85,178.17,178.57,"2,125,549"
09/08/2015,VOO,179.67,181.15,178.92,181.01,"2,248,536"
09/04/2015,VOO,176.88,177.69,175.64,176.49,"2,317,653"
09/03/2015,VOO,179.96,181.54,178.71,179.27,"2,420,172"
09/02/2015,VOO,178.48,179.13,176.4,179.12,"2,424,009"
09/01/2015,VOO,177.11,178.5,174.83,175.58,"8,531,766"
08/31/2015,VOO,181.68,182.54,180.6,181.11,"1,922,950"
08/28/2015,VOO,181.97,183.19,181.43,182.72,"2,944,966"
08/27/2015,VOO,180.8,182.8,178.94,182.72,"7,168,812"
08/26/2015,VOO,176.23,178.51,172.68,178.36,"7,086,141"
08/25/2015,VOO,179.16,179.8,171.37,171.55,"8,132,237"
08/24/2015,VOO,172,179.54,168.08,173.66,"12,324,950"
08/21/2015,VOO,185.08,186.03,181.04,181.04,"6,145,933"
08/20/2015,VOO,189.36,189.93,186.95,186.97,"4,195,688"
08/19/2015,VOO,191.78,192.55,190.12,190.98,"1,771,931"
08/18/2015,VOO,192.84,193.16,192.28,192.5,"1,023,806"
08/17/2015,VOO,191.42,193.09,190.86,193.09,"1,926,335"
08/14/2015,VOO,191.12,192.08,190.98,192.02,"742,451"
08/13/2015,VOO,191.42,192.12,190.77,191.28,"1,155,942"
08/12/2015,VOO,189.88,191.76,188.3,191.49,"3,758,708"
08/11/2015,VOO,191.64,192.04,190.5,191.32,"4,996,337"
08/10/2015,VOO,191.9,193.15,191.9,193.09,"1,346,730"
08/07/2015,VOO,190.88,190.99,189.69,190.67,"1,854,050"
08/06/2015,VOO,192.77,192.93,190.39,191.17,"1,321,232"
08/05/2015,VOO,193.04,193.75,192.31,192.64,"1,369,852"
08/04/2015,VOO,192.35,192.76,191.46,191.97,"1,601,667"
08/03/2015,VOO,193,193.01,191.33,192.35,"3,081,665"
07/31/2015,VOO,193.92,193.92,192.71,192.95,"1,437,242"
07/30/2015,VOO,192.77,193.48,192.02,193.28,"924,412"
07/29/2015,VOO,192.07,193.5,191.91,193.25,"2,471,249"
07/28/2015,VOO,190.59,192.1,189.63,191.89,"931,309"
07/27/2015,VOO,189.78,190.32,189.15,189.59,"1,745,618"
07/24/2015,VOO,192.86,192.89,190.36,190.67,"1,589,133"
07/23/2015,VOO,194,194.03,192.34,192.68,"899,270"
07/22/2015,VOO,193.38,194.16,193.38,193.79,"1,193,784"
07/21/2015,VOO,194.82,195.05,193.86,194.17,"772,382"
07/20/2015,VOO,195.09,195.46,194.6,194.94,"1,103,466"
07/17/2015,VOO,194.68,194.92,194.24,194.85,"872,081"
07/16/2015,VOO,194.31,194.67,194.05,194.62,"949,541"
07/15/2015,VOO,193.29,193.73,192.62,193.14,"1,174,758"
07/14/2015,VOO,192.37,193.53,192.27,193.22,"1,128,915"
07/13/2015,VOO,191.59,192.48,191.58,192.37,"1,026,106"
07/10/2015,VOO,190.18,190.71,189.35,190.24,"1,648,635"
07/09/2015,VOO,189.9,190.13,187.83,187.85,"2,224,904"
07/08/2015,VOO,189.36,189.59,187.31,187.51,"1,874,025"
07/07/2015,VOO,189.86,190.9,187.19,190.75,"3,507,468"
07/06/2015,VOO,188.72,190.4,188.48,189.58,"1,741,085"
07/02/2015,VOO,190.85,191,189.68,190.13,"3,087,103"
07/01/2015,VOO,190.65,190.75,189.45,190.27,"2,782,276"
06/30/2015,VOO,190.18,190.18,188.24,188.84,"2,679,412"
06/29/2015,VOO,190.78,191.43,188.26,188.35,"2,746,754"
06/26/2015,VOO,192.82,193.07,191.8,192.42,"1,631,894"
06/25/2015,VOO,193.51,193.69,192.36,192.42,"2,287,598"
06/24/2015,VOO,194.18,194.52,192.99,193.02,"2,160,601"
06/23/2015,VOO,194.48,194.76,194,194.41,"1,727,228"
06/22/2015,VOO,194.37,194.92,194.05,194.27,"1,027,028"
06/19/2015,VOO,194.8,194.85,193.85,193.85,"691,383"
06/18/2015,VOO,193.61,195.53,193.6,194.98,"1,041,566"
06/17/2015,VOO,193.06,193.69,191.95,193.07,"1,170,581"
06/16/2015,VOO,191.5,192.81,191.34,192.74,"819,781"
06/15/2015,VOO,191.22,191.97,190.47,191.62,"1,392,599"
06/12/2015,VOO,193.01,193.22,192.21,192.51,"2,147,740"
06/11/2015,VOO,193.95,194.37,193.63,193.93,"724,695"
06/10/2015,VOO,191.96,193.78,191.88,193.33,"1,247,688"
06/09/2015,VOO,191.1,191.65,190.37,191.06,"1,466,057"
06/08/2015,VOO,192.17,192.32,191.02,191.11,"1,130,127"
06/05/2015,VOO,192.48,193.02,191.58,192.3,"1,567,766"
06/04/2015,VOO,193.52,194.13,192.28,192.69,"1,383,350"
06/03/2015,VOO,194.31,194.93,193.74,194.27,"1,213,846"
06/02/2015,VOO,193.43,194.5,192.75,193.74,"1,094,354"
06/01/2015,VOO,194.23,194.64,193.09,193.94,"1,157,378"
05/29/2015,VOO,194.67,194.72,193.25,193.49,"1,530,932"
05/28/2015,VOO,194.66,194.87,194,194.76,"1,114,537"
05/27/2015,VOO,193.66,195.24,193.3,194.94,"1,420,085"
05/26/2015,VOO,194.73,194.77,192.7,193.16,"1,235,326"
05/22/2015,VOO,195.31,195.75,195.19,195.26,"831,588"
05/21/2015,VOO,195.05,195.93,194.83,195.69,"756,214"
05/20/2015,VOO,195.37,195.95,194.8,195.1,"3,401,278"
05/19/2015,VOO,195.44,195.77,194.96,195.23,"980,437"
05/18/2015,VOO,194.63,195.62,194.48,195.33,"984,492"
05/15/2015,VOO,194.68,194.88,194.22,194.73,"718,961"
05/14/2015,VOO,193.64,194.6,193.33,194.53,"902,299"
05/13/2015,VOO,192.96,193.61,192.26,192.52,"589,009"
05/12/2015,VOO,192.15,193.07,191.23,192.46,"1,852,662"
05/11/2015,VOO,193.93,194.2,192.96,193.02,"1,090,083"
05/08/2015,VOO,193.3,194.18,193.23,193.95,"1,322,903"
05/07/2015,VOO,190.59,191.9,190.24,191.44,"1,320,717"
05/06/2015,VOO,192.09,192.39,189.53,190.67,"1,588,079"
05/05/2015,VOO,193.4,193.8,191.33,191.44,"1,138,325"
05/04/2015,VOO,193.64,194.31,193.5,193.7,"1,060,020"
05/01/2015,VOO,191.96,193.18,191.85,193.1,"1,921,248"
04/30/2015,VOO,192.4,192.8,190.32,191.1,"2,506,112"
04/29/2015,VOO,192.81,193.66,192.14,193.02,"1,408,897"
04/28/2015,VOO,193.17,193.85,191.94,193.81,"1,103,795"
04/27/2015,VOO,194.63,194.74,193,193.21,"898,239"
04/24/2015,VOO,194.02,194.29,193.52,193.98,"978,254"
04/23/2015,VOO,192.65,194.26,192.5,193.59,"956,375"
04/22/2015,VOO,192.49,193.28,191.5,193.09,"1,125,389"
04/21/2015,VOO,193.11,193.26,191.8,192.14,"1,089,492"
04/20/2015,VOO,191.67,192.7,191.55,192.33,"1,430,336"
04/17/2015,VOO,191.53,191.77,189.75,190.59,"2,059,272"
04/16/2015,VOO,192.55,193.37,192.3,192.83,"823,270"
04/15/2015,VOO,192.54,193.42,192.45,192.9,"934,925"
04/14/2015,VOO,191.42,192.22,190.77,192.02,"2,647,824"
04/13/2015,VOO,192.36,193.04,191.6,191.67,"1,227,788"
04/10/2015,VOO,191.74,192.57,191.54,192.54,"1,056,863"
04/09/2015,VOO,190.45,191.71,189.96,191.49,"794,772"
04/08/2015,VOO,190.24,191.06,189.81,190.66,"1,412,050"
04/07/2015,VOO,190.48,191.33,189.97,189.97,"1,372,349"
04/06/2015,VOO,188.23,191.04,188.09,190.48,"1,242,499"
04/02/2015,VOO,188.47,189.69,188.27,189.15,"1,803,499"
04/01/2015,VOO,189.17,189.17,187.47,188.59,"3,379,895"
03/31/2015,VOO,189.98,191.78,189.17,189.2,"2,765,201"
03/30/2015,VOO,189.75,191.19,189.72,190.88,"1,414,682"
03/27/2015,VOO,188.04,188.78,187.83,188.53,"1,836,963"
03/26/2015,VOO,187.88,189.15,187.15,188.14,"1,906,214"
03/25/2015,VOO,191.64,191.87,188.57,188.61,"1,216,708"
03/24/2015,VOO,192.38,192.85,191.33,191.4,"1,587,665"
03/23/2015,VOO,192.85,193.49,192.49,192.52,"707,080"
03/20/2015,VOO,193.19,194.39,193.13,193.85,"1,350,135"
03/19/2015,VOO,192.56,192.85,191.75,192.11,"1,371,977"
03/18/2015,VOO,190.17,193.76,189.49,193,"2,287,408"
03/17/2015,VOO,190.48,191.13,189.83,190.73,"1,460,929"
03/16/2015,VOO,189.59,191.38,189.55,191.38,"1,054,676"
03/13/2015,VOO,189.68,189.79,187.62,188.8,"1,792,236"
03/12/2015,VOO,188.21,190,188.2,189.96,"2,646,859"
03/11/2015,VOO,188.26,188.47,187.47,187.54,"1,857,468"
03/10/2015,VOO,189.57,189.63,187.97,187.98,"2,390,456"
03/09/2015,VOO,190.52,191.47,190.42,191.12,"1,132,034"
03/06/2015,VOO,192,192.55,189.94,190.31,"1,815,633"
03/05/2015,VOO,193.15,193.33,192.48,193.04,"1,135,838"
03/04/2015,VOO,193,193.05,191.73,192.83,"1,497,509"
03/03/2015,VOO,193.96,194.02,192.69,193.64,"1,388,104"
03/02/2015,VOO,193.31,194.47,193.3,194.47,"1,016,560"
02/27/2015,VOO,193.77,194.05,193.19,193.2,"966,623"
02/26/2015,VOO,193.99,194.15,193.21,193.87,"994,201"
02/25/2015,VOO,194.14,194.65,193.71,194.09,"1,983,556"
02/24/2015,VOO,193.69,194.49,193.43,194.3,"1,244,211"
02/23/2015,VOO,193.49,193.73,193.03,193.73,"1,497,711"
02/20/2015,VOO,192.13,193.82,191.45,193.78,"1,373,953"
02/19/2015,VOO,192.09,192.97,191.89,192.61,"1,017,560"
02/18/2015,VOO,192.28,192.78,192,192.74,"1,862,950"
02/17/2015,VOO,192.07,192.88,191.79,192.7,"1,700,425"
02/13/2015,VOO,191.72,192.44,191.46,192.39,"1,073,112"
02/12/2015,VOO,190.7,191.65,190.47,191.55,"2,008,510"
02/11/2015,VOO,189.51,190.23,188.78,189.79,"1,744,393"
02/10/2015,VOO,188.82,189.93,187.85,189.66,"1,798,005"
02/09/2015,VOO,187.81,188.59,187.22,187.66,"2,289,295"
02/06/2015,VOO,189.49,190.05,187.94,188.52,"1,454,708"
02/05/2015,VOO,187.89,189.19,187.85,189.05,"1,033,759"
02/04/2015,VOO,187.03,188.35,186.65,187.15,"1,861,200"
02/03/2015,VOO,186.13,187.86,185.79,187.79,"1,435,021"
02/02/2015,VOO,183.5,185.26,181.47,185.09,"3,397,836"
01/30/2015,VOO,183.96,185.38,182.63,182.99,"2,302,466"
01/29/2015,VOO,183.74,185.53,182.21,185.27,"4,338,151"
01/28/2015,VOO,187.27,187.32,183.35,183.49,"2,530,752"
01/27/2015,VOO,186.14,187.18,185.02,185.94,"1,979,085"
01/26/2015,VOO,187.79,188.51,186.93,188.41,"2,018,019"
01/23/2015,VOO,188.72,189.02,187.79,188.04,"3,109,762"
01/22/2015,VOO,187.09,189.15,185.6,189.08,"6,074,860"
01/21/2015,VOO,184.77,186.74,184.3,186.23,"1,586,514"
01/20/2015,VOO,185.62,185.9,183.58,185.26,"1,637,624"
01/16/2015,VOO,182.31,185.08,182.09,184.8,"1,472,796"
01/15/2015,VOO,184.88,185.25,182.4,182.54,"1,940,747"
01/14/2015,VOO,183.1,184.4,182.11,184.26,"5,216,290"
01/13/2015,VOO,187.22,188.41,183.9,185.35,"2,158,515"
01/12/2015,VOO,187.46,187.6,185.19,185.84,"1,847,548"
01/09/2015,VOO,189.3,189.34,186.65,187.23,"2,525,225"
01/08/2015,VOO,187.13,189.05,187.07,188.82,"1,740,575"
01/07/2015,VOO,184.73,185.91,184.23,185.56,"2,305,552"
01/06/2015,VOO,185.37,185.88,182.36,183.27,"2,245,280"
01/05/2015,VOO,187.26,187.41,184.66,185.09,"2,734,710"
01/02/2015,VOO,189.29,189.72,187.26,188.4,"1,864,986"
01/01/2015,VOO,190.75,190.91,188.38,188.4,"1,365,995"
